gene	position	events
N	2	1
N	3	3
N	7	2
N	8	3
N	9	4
N	10	2
N	11	3
N	12	1
N	13	4
N	14	2
N	16	1
N	18	2
N	19	1
N	22	2
N	24	2
N	25	3
N	28	1
N	32	1
N	34	1
N	35	2
N	36	1
N	37	1
N	39	3
N	50	1
N	60	1
N	62	1
N	65	1
N	66	1
N	67	1
N	72	1
N	76	1
N	78	1
N	80	2
N	82	1
N	83	1
N	90	1
N	95	1
N	96	2
N	98	1
N	103	2
N	119	4
N	122	2
N	124	1
N	128	3
N	134	2
N	135	1
N	136	1
N	139	2
N	141	1
N	144	2
N	145	2
N	151	1
N	152	5
N	159	1
N	162	1
N	163	1
N	168	2
N	180	1
N	182	1
N	183	2
N	185	2
N	186	2
N	187	3
N	188	1
N	190	2
N	191	1
N	193	4
N	194	6
N	195	5
N	196	3
N	197	3
N	199	8
N	202	6
N	203	5
N	204	3
N	205	4
N	206	2
N	207	3
N	208	2
N	209	5
N	210	4
N	211	2
N	212	6
N	213	2
N	214	2
N	215	2
N	217	1
N	219	1
N	220	1
N	226	1
N	229	2
N	230	1
N	232	2
N	234	4
N	235	2
N	236	1
N	238	5
N	239	1
N	240	1
N	241	1
N	242	1
N	243	1
N	244	1
N	251	1
N	252	2
N	267	1
N	271	1
N	273	1
N	276	2
N	281	1
N	282	2
N	289	3
N	290	1
N	292	1
N	294	1
N	296	1
N	310	1
N	313	1
N	317	1
N	321	1
N	324	1
N	325	3
N	326	2
N	327	3
N	334	5
N	344	1
N	348	3
N	350	2
N	361	1
N	362	2
N	364	2
N	365	2
N	366	3
N	367	1
N	368	1
N	369	1
N	371	1
N	373	3
N	376	2
N	377	8
N	378	2
N	379	1
N	380	1
N	383	5
N	384	2
N	385	1
N	387	1
N	389	2
N	391	4
N	392	1
N	393	1
N	398	1
N	399	1
N	401	1
N	402	3
N	413	1
N	414	2
N	416	1
N	417	1
N	418	2
ORF9b	3	1
ORF9b	4	1
ORF9b	5	2
ORF9b	6	4
ORF9b	7	2
ORF9b	8	4
ORF9b	9	1
ORF9b	10	5
ORF9b	11	1
ORF9b	13	3
ORF9b	15	2
ORF9b	16	1
ORF9b	18	1
ORF9b	19	1
ORF9b	22	1
ORF9b	25	2
ORF9b	31	1
ORF9b	32	5
ORF9b	33	1
ORF9b	36	3
ORF9b	38	2
ORF9b	39	2
ORF9b	43	1
ORF9b	56	1
ORF9b	58	1
ORF9b	62	1
ORF9b	63	1
ORF9b	68	1
ORF9b	73	1
ORF9b	74	1
ORF9b	77	2
ORF9b	78	3
ORF9b	79	1
ORF9b	80	1
ORF9b	83	1
ORF9b	86	1
ORF9b	92	1
ORF9b	93	1
ORF9b	95	1